{ 
 "AMIT": [
{
"Virat Kohli" : null,
"Ben Stokes" : null,
"MS Dhoni" : 17,
"Bhuvneshwar Kumar" : null,
"Ravichandran Ashwin" : null,
"Kuldeep Yadav" : null,
"Hardik Pandya" : null,
"Sunil Narine" : null,
"Gautam Gambhir" : null,
"Rohit Sharma" : null,
"Dwayne Bravo" : 1
}
,{
"Virat Kohli" : 8,
"Ben Stokes" : null,
"MS Dhoni" : null,
"Bhuvneshwar Kumar" : null,
"Ravichandran Ashwin" : null,
"Kuldeep Yadav" : null,
"Hardik Pandya" : null,
"Sunil Narine" : null,
"Gautam Gambhir" : null,
"Rohit Sharma" : null,
"Dwayne Bravo" : null
}
,{
"Virat Kohli" : null,
"Ben Stokes" : null,
"MS Dhoni" : null,
"Bhuvneshwar Kumar" : 0,
"Ravichandran Ashwin" : null,
"Kuldeep Yadav" : 10,
"Hardik Pandya" : null,
"Sunil Narine" : 39,
"Gautam Gambhir" : null,
"Rohit Sharma" : null,
"Dwayne Bravo" : null
}
,{
"Virat Kohli" : null,
"Ben Stokes" : null,
"MS Dhoni" : null,
"Bhuvneshwar Kumar" : null,
"Ravichandran Ashwin" : null,
"Kuldeep Yadav" : null,
"Hardik Pandya" : 27,
"Sunil Narine" : null,
"Gautam Gambhir" : null,
"Rohit Sharma" : 13,
"Dwayne Bravo" : null
}
,{
"Virat Kohli" : null,
"Ben Stokes" : null,
"MS Dhoni" : 16,
"Bhuvneshwar Kumar" : null,
"Ravichandran Ashwin" : 20,
"Kuldeep Yadav" : null,
"Hardik Pandya" : null,
"Sunil Narine" : null,
"Gautam Gambhir" : null,
"Rohit Sharma" : null,
"Dwayne Bravo" : 20
}
]}

