{ 
 "ANKIT": [
{
"Virat Kohli" : null,
"AB de Villiers" : null,
"MS Dhoni" : 17,
"Bhuvneshwar Kumar" : null,
"Jasprit Bumrah" : null,
"Ravichandran Ashwin" : null,
"Shane Watson" : 14,
"Dwayne Bravo" : 1,
"Ben Stokes" : null,
"Gautam Gambhir" : null,
"Dinesh Karthik" : null
}
,{
"Virat Kohli" : 8,
"AB de Villiers" : 117,
"MS Dhoni" : null,
"Bhuvneshwar Kumar" : null,
"Jasprit Bumrah" : null,
"Ravichandran Ashwin" : null,
"Shane Watson" : null,
"Dwayne Bravo" : null,
"Ben Stokes" : null,
"Gautam Gambhir" : null,
"Dinesh Karthik" : null
}
,{
"Virat Kohli" : null,
"AB de Villiers" : null,
"MS Dhoni" : null,
"Bhuvneshwar Kumar" : 0,
"Jasprit Bumrah" : null,
"Ravichandran Ashwin" : null,
"Shane Watson" : null,
"Dwayne Bravo" : null,
"Ben Stokes" : null,
"Gautam Gambhir" : null,
"Dinesh Karthik" : 26
}
,{
"Virat Kohli" : null,
"AB de Villiers" : null,
"MS Dhoni" : null,
"Bhuvneshwar Kumar" : null,
"Jasprit Bumrah" : 10,
"Ravichandran Ashwin" : null,
"Shane Watson" : null,
"Dwayne Bravo" : null,
"Ben Stokes" : null,
"Gautam Gambhir" : null,
"Dinesh Karthik" : null
}
,{
"Virat Kohli" : null,
"AB de Villiers" : null,
"MS Dhoni" : 16,
"Bhuvneshwar Kumar" : null,
"Jasprit Bumrah" : null,
"Ravichandran Ashwin" : 20,
"Shane Watson" : null,
"Dwayne Bravo" : 20,
"Ben Stokes" : null,
"Gautam Gambhir" : null,
"Dinesh Karthik" : null
}
]}

