{ 
 "AYUSHI": [
{
"MS Dhoni" : 34,
"Virat Kohli" : null,
"Bhuvneshwar Kumar" : null,
"Sunil Narine" : null,
"Ravichandran Ashwin" : null,
"Kieron Pollard" : null,
"Dwayne Bravo" : 1,
"Dan Christian" : null,
"Andre Russell" : null,
"AB de Villiers" : null,
"Ajinkya Rahane" : null
}
,{
"MS Dhoni" : null,
"Virat Kohli" : 6,
"Bhuvneshwar Kumar" : null,
"Sunil Narine" : null,
"Ravichandran Ashwin" : null,
"Kieron Pollard" : null,
"Dwayne Bravo" : null,
"Dan Christian" : null,
"Andre Russell" : null,
"AB de Villiers" : 78,
"Ajinkya Rahane" : 48
}
,{
"MS Dhoni" : null,
"Virat Kohli" : null,
"Bhuvneshwar Kumar" : 0,
"Sunil Narine" : 39,
"Ravichandran Ashwin" : null,
"Kieron Pollard" : null,
"Dwayne Bravo" : null,
"Dan Christian" : null,
"Andre Russell" : 14,
"AB de Villiers" : null,
"Ajinkya Rahane" : null
}
,{
"MS Dhoni" : null,
"Virat Kohli" : null,
"Bhuvneshwar Kumar" : null,
"Sunil Narine" : null,
"Ravichandran Ashwin" : null,
"Kieron Pollard" : 7,
"Dwayne Bravo" : null,
"Dan Christian" : null,
"Andre Russell" : null,
"AB de Villiers" : null,
"Ajinkya Rahane" : null
}
,{
"MS Dhoni" : 32,
"Virat Kohli" : null,
"Bhuvneshwar Kumar" : null,
"Sunil Narine" : null,
"Ravichandran Ashwin" : 20,
"Kieron Pollard" : null,
"Dwayne Bravo" : 20,
"Dan Christian" : null,
"Andre Russell" : null,
"AB de Villiers" : null,
"Ajinkya Rahane" : null
}
]}

