{ 
 "GIRI": [
{
"Virat Kohli" : null,
"Ben Stokes" : null,
"Lokesh Rahul" : null,
"Bhuvneshwar Kumar" : null,
"Jasprit Bumrah" : null,
"Sunil Narine" : null,
"Shane Watson" : 14,
"AB de Villiers" : null,
"Gautam Gambhir" : null,
"Shikhar Dhawan" : null,
"Rohit Sharma" : null
}
,{
"Virat Kohli" : 8,
"Ben Stokes" : null,
"Lokesh Rahul" : null,
"Bhuvneshwar Kumar" : null,
"Jasprit Bumrah" : null,
"Sunil Narine" : null,
"Shane Watson" : null,
"AB de Villiers" : 78,
"Gautam Gambhir" : null,
"Shikhar Dhawan" : null,
"Rohit Sharma" : null
}
,{
"Virat Kohli" : null,
"Ben Stokes" : null,
"Lokesh Rahul" : null,
"Bhuvneshwar Kumar" : 0,
"Jasprit Bumrah" : null,
"Sunil Narine" : 39,
"Shane Watson" : null,
"AB de Villiers" : null,
"Gautam Gambhir" : null,
"Shikhar Dhawan" : 75,
"Rohit Sharma" : null
}
,{
"Virat Kohli" : null,
"Ben Stokes" : null,
"Lokesh Rahul" : null,
"Bhuvneshwar Kumar" : null,
"Jasprit Bumrah" : 10,
"Sunil Narine" : null,
"Shane Watson" : null,
"AB de Villiers" : null,
"Gautam Gambhir" : null,
"Shikhar Dhawan" : null,
"Rohit Sharma" : 13
}
,{
"Virat Kohli" : null,
"Ben Stokes" : null,
"Lokesh Rahul" : 7,
"Bhuvneshwar Kumar" : null,
"Jasprit Bumrah" : null,
"Sunil Narine" : null,
"Shane Watson" : null,
"AB de Villiers" : null,
"Gautam Gambhir" : null,
"Shikhar Dhawan" : null,
"Rohit Sharma" : null
}
]}

