{ 
 "KARTHIk": [
{
"AB de Villiers" : null,
"Rohit Sharma" : null,
"Robin Uthappa" : null,
"Jasprit Bumrah" : null,
"Jaydev Unadkat" : null,
"Pat Cummins" : null,
"Amit Mishra" : 20,
"Ambati Rayudu" : 75,
"Brendon McCullum" : null,
"Manish Pandey" : null,
"Chris Gayle" : null
}
,{
"AB de Villiers" : 156,
"Rohit Sharma" : null,
"Robin Uthappa" : null,
"Jasprit Bumrah" : null,
"Jaydev Unadkat" : 20,
"Pat Cummins" : null,
"Amit Mishra" : null,
"Ambati Rayudu" : null,
"Brendon McCullum" : null,
"Manish Pandey" : null,
"Chris Gayle" : null
}
,{
"AB de Villiers" : null,
"Rohit Sharma" : null,
"Robin Uthappa" : 60,
"Jasprit Bumrah" : null,
"Jaydev Unadkat" : null,
"Pat Cummins" : null,
"Amit Mishra" : null,
"Ambati Rayudu" : null,
"Brendon McCullum" : null,
"Manish Pandey" : 25,
"Chris Gayle" : null
}
,{
"AB de Villiers" : null,
"Rohit Sharma" : 19,
"Robin Uthappa" : null,
"Jasprit Bumrah" : 10,
"Jaydev Unadkat" : null,
"Pat Cummins" : null,
"Amit Mishra" : 85,
"Ambati Rayudu" : null,
"Brendon McCullum" : null,
"Manish Pandey" : null,
"Chris Gayle" : null
}
,{
"AB de Villiers" : null,
"Rohit Sharma" : null,
"Robin Uthappa" : null,
"Jasprit Bumrah" : null,
"Jaydev Unadkat" : null,
"Pat Cummins" : null,
"Amit Mishra" : null,
"Ambati Rayudu" : 1,
"Brendon McCullum" : null,
"Manish Pandey" : null,
"Chris Gayle" : 0
}
]}

