{ 
 "KAUSHIK": [
{
"Virat Kohli" : null,
"Manish Pandey" : null,
"Wriddhiman Saha" : null,
"Piyush Chawla" : null,
"Sunil Narine" : null,
"Umesh Yadav" : null,
"Dwayne Bravo" : 1,
"Kieron Pollard" : null,
"Glenn Maxwell" : 5,
"Robin Uthappa" : null,
"Karun Nair" : null
}
,{
"Virat Kohli" : 8,
"Manish Pandey" : null,
"Wriddhiman Saha" : null,
"Piyush Chawla" : null,
"Sunil Narine" : null,
"Umesh Yadav" : 60,
"Dwayne Bravo" : null,
"Kieron Pollard" : null,
"Glenn Maxwell" : null,
"Robin Uthappa" : null,
"Karun Nair" : null
}
,{
"Virat Kohli" : null,
"Manish Pandey" : 37,
"Wriddhiman Saha" : null,
"Piyush Chawla" : 0,
"Sunil Narine" : 39,
"Umesh Yadav" : null,
"Dwayne Bravo" : null,
"Kieron Pollard" : null,
"Glenn Maxwell" : null,
"Robin Uthappa" : 60,
"Karun Nair" : null
}
,{
"Virat Kohli" : null,
"Manish Pandey" : null,
"Wriddhiman Saha" : null,
"Piyush Chawla" : null,
"Sunil Narine" : null,
"Umesh Yadav" : null,
"Dwayne Bravo" : null,
"Kieron Pollard" : 7,
"Glenn Maxwell" : 22,
"Robin Uthappa" : null,
"Karun Nair" : null
}
,{
"Virat Kohli" : null,
"Manish Pandey" : null,
"Wriddhiman Saha" : null,
"Piyush Chawla" : null,
"Sunil Narine" : null,
"Umesh Yadav" : null,
"Dwayne Bravo" : 20,
"Kieron Pollard" : null,
"Glenn Maxwell" : null,
"Robin Uthappa" : null,
"Karun Nair" : 79
}
]}

