{ 
 "SANTOSH": [
{
"Virat Kohli" : null,
"AB de Villiers" : null,
"Dinesh Karthik" : null,
"Jasprit Bumrah" : null,
"Bhuvneshwar Kumar" : null,
"Rashid Khan" : null,
"Ben Stokes" : null,
"Shane Watson" : 14,
"Dwayne Bravo" : 1,
"Gautam Gambhir" : null,
"Lokesh Rahul" : null
}
,{
"Virat Kohli" : 8,
"AB de Villiers" : 117,
"Dinesh Karthik" : null,
"Jasprit Bumrah" : null,
"Bhuvneshwar Kumar" : null,
"Rashid Khan" : null,
"Ben Stokes" : null,
"Shane Watson" : null,
"Dwayne Bravo" : null,
"Gautam Gambhir" : null,
"Lokesh Rahul" : null
}
,{
"Virat Kohli" : null,
"AB de Villiers" : null,
"Dinesh Karthik" : 26,
"Jasprit Bumrah" : null,
"Bhuvneshwar Kumar" : 0,
"Rashid Khan" : 0,
"Ben Stokes" : null,
"Shane Watson" : null,
"Dwayne Bravo" : null,
"Gautam Gambhir" : null,
"Lokesh Rahul" : null
}
,{
"Virat Kohli" : null,
"AB de Villiers" : null,
"Dinesh Karthik" : null,
"Jasprit Bumrah" : 10,
"Bhuvneshwar Kumar" : null,
"Rashid Khan" : null,
"Ben Stokes" : null,
"Shane Watson" : null,
"Dwayne Bravo" : null,
"Gautam Gambhir" : null,
"Lokesh Rahul" : null
}
,{
"Virat Kohli" : null,
"AB de Villiers" : null,
"Dinesh Karthik" : null,
"Jasprit Bumrah" : null,
"Bhuvneshwar Kumar" : null,
"Rashid Khan" : null,
"Ben Stokes" : null,
"Shane Watson" : null,
"Dwayne Bravo" : 20,
"Gautam Gambhir" : null,
"Lokesh Rahul" : 7
}
]}

