{ 
 "SHASHANK": [
{
"Virat Kohli" : null,
"Rohit Sharma" : null,
"MS Dhoni" : 17,
"Sunil Narine" : null,
"Bhuvneshwar Kumar" : null,
"Ajinkya Rahane" : null,
"Dwayne Bravo" : 1,
"Axar Patel" : null,
"AB de Villiers" : null,
"Gautam Gambhir" : null,
"Jasprit Bumrah" : null
}
,{
"Virat Kohli" : 8,
"Rohit Sharma" : null,
"MS Dhoni" : null,
"Sunil Narine" : null,
"Bhuvneshwar Kumar" : null,
"Ajinkya Rahane" : 48,
"Dwayne Bravo" : null,
"Axar Patel" : null,
"AB de Villiers" : 78,
"Gautam Gambhir" : null,
"Jasprit Bumrah" : null
}
,{
"Virat Kohli" : null,
"Rohit Sharma" : null,
"MS Dhoni" : null,
"Sunil Narine" : 39,
"Bhuvneshwar Kumar" : 0,
"Ajinkya Rahane" : null,
"Dwayne Bravo" : null,
"Axar Patel" : null,
"AB de Villiers" : null,
"Gautam Gambhir" : null,
"Jasprit Bumrah" : null
}
,{
"Virat Kohli" : null,
"Rohit Sharma" : 19,
"MS Dhoni" : null,
"Sunil Narine" : null,
"Bhuvneshwar Kumar" : null,
"Ajinkya Rahane" : null,
"Dwayne Bravo" : null,
"Axar Patel" : null,
"AB de Villiers" : null,
"Gautam Gambhir" : null,
"Jasprit Bumrah" : 10
}
,{
"Virat Kohli" : null,
"Rohit Sharma" : null,
"MS Dhoni" : 16,
"Sunil Narine" : null,
"Bhuvneshwar Kumar" : null,
"Ajinkya Rahane" : null,
"Dwayne Bravo" : 20,
"Axar Patel" : 14,
"AB de Villiers" : null,
"Gautam Gambhir" : null,
"Jasprit Bumrah" : null
}
]}

