{ 
 "VAMSI": [
{
"Virat Kohli" : null,
"Ben Stokes" : null,
"Lokesh Rahul" : null,
"Rashid Khan" : null,
"Jasprit Bumrah" : null,
"Bhuvneshwar Kumar" : null,
"Andre Russell" : null,
"Chris Morris" : null,
"Shikhar Dhawan" : null,
"Sam Billings" : 1,
"AB de Villiers" : null
}
,{
"Virat Kohli" : 8,
"Ben Stokes" : null,
"Lokesh Rahul" : null,
"Rashid Khan" : null,
"Jasprit Bumrah" : null,
"Bhuvneshwar Kumar" : null,
"Andre Russell" : null,
"Chris Morris" : null,
"Shikhar Dhawan" : null,
"Sam Billings" : null,
"AB de Villiers" : 78
}
,{
"Virat Kohli" : null,
"Ben Stokes" : null,
"Lokesh Rahul" : null,
"Rashid Khan" : 0,
"Jasprit Bumrah" : null,
"Bhuvneshwar Kumar" : 0,
"Andre Russell" : 14,
"Chris Morris" : null,
"Shikhar Dhawan" : 75,
"Sam Billings" : null,
"AB de Villiers" : null
}
,{
"Virat Kohli" : null,
"Ben Stokes" : null,
"Lokesh Rahul" : null,
"Rashid Khan" : null,
"Jasprit Bumrah" : 10,
"Bhuvneshwar Kumar" : null,
"Andre Russell" : null,
"Chris Morris" : null,
"Shikhar Dhawan" : null,
"Sam Billings" : null,
"AB de Villiers" : null
}
,{
"Virat Kohli" : null,
"Ben Stokes" : null,
"Lokesh Rahul" : 7,
"Rashid Khan" : null,
"Jasprit Bumrah" : null,
"Bhuvneshwar Kumar" : null,
"Andre Russell" : null,
"Chris Morris" : null,
"Shikhar Dhawan" : null,
"Sam Billings" : 0,
"AB de Villiers" : null
}
]}

